id,year,title,runtime,collection,genres,tagline,overview,cast,director,producer,keywords,adult,production_companies,spoken_languages,popularity,vote_count,vote_average
862,1995,Toy Story,81,Toy Story Collection,"['Animation', 'Adventure', 'Family', 'Comedy']",,"Led by Woody, Andy's toys live happily in his room until Andy's birthday brings Buzz Lightyear onto the scene. Afraid of losing his place in Andy's heart, Woody plots against Buzz. But when circumstances separate Buzz and Woody from their owner, the duo eventually learns to put aside their differences.","['Tom Hanks', 'Tim Allen', 'Don Rickles', 'Jim Varney', 'Wallace Shawn']",['John Lasseter'],"['Bonnie Arnold', 'Ralph Guggenheim']","['martial arts', 'jealousy', 'friendship', 'bullying', 'elementary school', 'friends', 'rivalry', 'rescue', 'mission', 'buddy', 'walkie talkie', 'toy car', 'boy next door', 'new toy', 'neighborhood', 'toy comes to life', 'resourcefulness']",False,['Pixar'],['English'],113.49,16201,8
8844,1995,Jumanji,104,Jumanji Collection,"['Adventure', 'Fantasy', 'Family']",Roll the dice and unleash the excitement!,"When siblings Judy and Peter discover an enchanted board game that opens the door to a magical world, they unwittingly invite Alan -- an adult who's been trapped inside the game for 26 years -- into their living room. Alan's only hope for freedom is to finish the game, which proves risky as all three find themselves running from giant rhinoceroses, evil monkeys and other terrifying creatures.","['Robin Williams', 'Kirsten Dunst', 'Bradley Pierce', 'Bonnie Hunt', 'Jonathan Hyde']",['Joe Johnston'],"['Scott Kroopf', 'William Teitler']","['giant insect', 'board game', 'jungle', 'disappearance', 'recluse', 'stampede', 'based on young adult novel']",False,"['TriStar Pictures', 'Teitler Film', 'Interscope Communications']","['English', 'French']",16.479,9364,7
15602,1995,Grumpier Old Men,101,Grumpy Old Men Collection,"['Romance', 'Comedy']",Still Yelling. Still Fighting. Still Ready for Love.,"A family wedding reignites the ancient feud between next-door neighbors and fishing buddies John and Max. Meanwhile, a sultry Italian divorcée opens a restaurant at the local bait shop, alarming the locals who worry she'll scare the fish away. But she's less interested in seafood than she is in cooking up a hot time with Max.","['Walter Matthau', 'Jack Lemmon', 'Ann-Margret', 'Sophia Loren', 'Daryl Hannah']",['Howard Deutch'],"['John Davis', 'Richard C. Berman']","['fishing', 'halloween', 'sequel', 'old man', 'best friend', 'wedding', 'italian restaurant', 'old friends', 'duringcreditsstinger', 'pranks']",False,"['Warner Bros. Pictures', 'Lancaster Gate']",['English'],9.941,315,6
31357,1995,Waiting to Exhale,127,,"['Comedy', 'Drama', 'Romance']",Friends are the people who let you be yourself... and never let you forget it.,"Cheated on, mistreated and stepped on, the women are holding their breath, waiting for the elusive ""good man"" to break a string of less-than-stellar lovers. Friends and confidants Vannah, Bernie, Glo and Robin talk it all out, determined to find a better way to breathe.","['Whitney Houston', 'Angela Bassett', 'Loretta Devine', 'Lela Rochon', 'Gregory Hines']",['Forest Whitaker'],"['Ronald Bass', 'Ezra Swerdlow', 'Deborah Schindler', 'Caron K']","['based on novel or book', 'interracial relationship', 'single mother', 'divorce']",False,['20th Century Fox'],['English'],8.443,128,6
11862,1995,Father of the Bride Part II,106,Father of the Bride (Steve Martin) Collection,"['Comedy', 'Family']",Just When His World Is Back To Normal... He's In For The Surprise Of His Life!,"Just when George Banks has recovered from his daughter's wedding, he receives the news that she's pregnant ... and that George's wife is expecting too. He was planning on selling their home, but that's a plan that—like George—will have to change with the arrival of both a grandchild and a kid of his own.","['Steve Martin', 'Diane Keaton', 'Martin Short', 'Kimberly Williams-Paisley', 'George Newbern']",['Charles Shyer'],['Nancy Meyers'],"['parent child relationship', 'baby', 'midlife crisis', 'confidence', 'pregnancy', 'aging', 'daughter', 'sequel', 'remake', 'los angeles, california', 'contraception', 'gynecologist']",False,"['Sandollar Productions', 'Touchstone Pictures']",['English'],11.822,620,6
949,1995,Heat,170,Heat Collection,"['Action', 'Crime', 'Drama', 'Thriller']",A Los Angeles crime saga.,Obsessive master thief Neil McCauley leads a top-notch crew on various daring heists throughout Los Angeles while determined detective Vincent Hanna pursues him without rest. Each man recognizes and respects the ability and the dedication of the other even though they are aware their cat-and-mouse game may end in violence.,"['Al Pacino', 'Robert De Niro', 'Val Kilmer', 'Jon Voight', 'Tom Sizemore']",['Michael Mann'],"['Michael Mann', 'Art Linson']","['robbery', 'detective', 'obsession', 'chase', 'thief', 'honor', 'murder', 'heist', 'betrayal', 'gang', 'los angeles, california', 'cat and mouse', 'bank robbery', 'criminal mastermind', 'cult film', 'ex-con', 'one last job', 'loner', 'bank job', 'neo-noir', 'crime epic']",False,"['Warner Bros. Pictures', 'New Regency Productions', 'Regency Enterprises', 'Forward Pass', 'Monarchy Enterprises B.V.', 'The Linson Company']","['English', 'Spanish']",71.24,5977,7
11860,1995,Sabrina,127,,"['Comedy', 'Romance']",You are cordially invited to the most surprising merger of the year.,"An ugly duckling having undergone a remarkable change, still harbors feelings for her crush: a carefree playboy, but not before his business-focused brother has something to say about it.","['Harrison Ford', 'Julia Ormond', 'Greg Kinnear', 'Nancy Marchand', 'John Wood']",['Sydney Pollack'],"['Sydney Pollack', 'Scott Rudin']","['paris, france', 'sibling relationship', 'chauffeur', 'long island, new york', 'fusion', 'millionaire']",False,"['Paramount', 'Scott Rudin Productions', 'Mirage Enterprises', 'Sandollar Productions', 'Constellation Entertainment', 'Worldwide', 'Mont Blanc Entertainment GmbH']","['French', 'English']",13.914,516,6
45325,1995,Tom and Huck,97,,"['Family', 'Action', 'Adventure', 'Drama']",The Original Bad Boys.,"A mischievous young boy, Tom Sawyer, witnesses a murder by the deadly Injun Joe. Tom becomes friends with Huckleberry Finn, a boy with no future and no family. Tom has to choose between honoring a friendship or honoring an oath because the town alcoholic is accused of the murder. Tom and Huck go through several adventures trying to retrieve evidence.","['Jonathan Taylor Thomas', 'Brad Renfro', 'Rachael Leigh Cook', 'Michael McShane', 'Amy Wright']",['Peter Hewitt'],"['Laurence Mark', 'John Baldecchi']","['mississippi river', 'based on novel or book', 'male friendship']",False,"['Walt Disney Pictures', 'Painted Fence Productions']",['English'],11.028,151,5
9091,1995,Sudden Death,106,,['Action'],Terror goes into overtime.,When a man's daughter is suddenly taken during a championship hockey game – with the captors demanding a billion dollars by game's end – he frantically sets a plan in motion to rescue her and abort an impending explosion before the final buzzer.,"['Jean-Claude Van Damme', 'Powers Boothe', 'Raymond J. Barry', 'Whittni Wright', 'Ross Malinger']",['Peter Hyams'],"['Howard Baldwin', 'Moshe Diamant']","['terrorist', 'hostage', 'explosive', 'ice hockey', 'vice president', 'pittsburgh, pennsylvania', 'pittsburgh penguins']",False,"['Universal Pictures', 'Imperial Entertainment', 'Signature Entertainment', 'SHATTERED PRODUCTIONS']",['English'],13.951,586,5
710,1995,GoldenEye,130,James Bond Collection,"['Adventure', 'Action', 'Thriller']",No limits. No fears. No substitutes.,"When a powerful satellite system falls into the hands of Alec Trevelyan, AKA Agent 006, a former ally-turned-enemy, only James Bond can save the world from a dangerous space weapon that -- in one short pulse -- could destroy the earth! As Bond squares off against his former compatriot, he also battles Xenia Onatopp, an assassin who uses pleasure as her ultimate weapon","['Pierce Brosnan', 'Izabella Scorupco', 'Famke Janssen', 'Sean Bean', 'Joe Don Baker']",['Martin Campbell'],"['Barbara Broccoli', 'Anthony Waye', 'Michael G. Wilson']","['cuba', 'falsely accused', 'secret identity', 'computer virus', 'secret base', 'secret intelligence service', 'kgb', 'satellite', 'special car', 'cossack', 'electromagnetic pulse', 'time bomb', 'st. petersburg, russia', 'red army']",False,"['United Artists', 'Eon Productions']","['English', 'Russian', 'Spanish']",24.986,3306,6
9087,1995,The American President,114,,"['Comedy', 'Drama', 'Romance']",Why can't the most powerful man in the world have the one thing he wants most?,"Widowed U.S. president Andrew Shepherd, one of the world's most powerful men, can have anything he wants -- and what he covets most is Sydney Ellen Wade, a Washington lobbyist. But Shepherd's attempts at courting her spark wild rumors and decimate his approval ratings.","['Michael Douglas', 'Annette Bening', 'Martin Sheen', 'David Paymer', 'Samantha Mathis']",['Rob Reiner'],['Rob Reiner'],"['the white house', 'usa president', 'new love', 'widower', 'wildlife conservation']",False,"['Castle Rock Entertainment', 'Wildwood Enterprises']","['French', 'English']",12.899,595,6
12110,1995,Dracula: Dead and Loving It,88,,"['Comedy', 'Horror', 'Fantasy']",Got Blood?,"When a lawyer shows up at the vampire's doorstep, he falls prey to his charms and joins him in his search for fresh blood. Enter Professor Van Helsing, who may be the only one able to vanquish the Count.","['Leslie Nielsen', 'Mel Brooks', 'Amy Yasbeck', 'Peter MacNicol', 'Lysette Anthony']",['Mel Brooks'],['Mel Brooks'],"['vampire', 'spoof', 'dracula']",False,"['Castle Rock Entertainment', 'Enigma Pictures']","['English', 'German']",19.792,806,6
21032,1995,Balto,78,Balto Collection,"['Family', 'Animation', 'Adventure']",Part Dog. Part Wolf. All Hero.,"An outcast half-wolf risks his life to prevent a deadly epidemic from ravaging Nome, Alaska.","['Kevin Bacon', 'Bob Hoskins', 'Bridget Fonda', 'Jim Cummings', 'Phil Collins']",['Simon Wells'],"['Steven Spielberg', 'Kathleen Kennedy']","['wolf', 'pet', 'dog-sledding race', 'alaska', 'dog', 'goose', 'bear attack', 'dog sled', 'pets']",False,"['Universal Pictures', 'Amblin Entertainment', 'Amblimation']",['English'],21.89,1793,7
10858,1995,Nixon,192,,"['Drama', 'History']","Triumphant in Victory, Bitter in Defeat. He Changed the World, But Lost a Nation.",A look at President Richard M. Nixon—a man carrying the fate of the world on his shoulders while battling the self-destructive demands from within—spanning his troubled boyhood in California to the shocking Watergate scandal that would end his Presidency.,"['Anthony Hopkins', 'Joan Allen', 'Powers Boothe', 'Ed Harris', 'Bob Hoskins']",['Oliver Stone'],"['Oliver Stone', 'Clayton Townsend', 'Dan Halsted', 'Andrew G. Vajna']","['washington dc, usa', 'usa president', '1970s', 'presidential election', 'watergate scandal', 'biography', 'government', 'historical figure', 'richard nixon', '1960s']",False,"['Hollywood Pictures', 'Cinergi Pictures Entertainment']",['English'],12.326,284,6
1408,1995,Cutthroat Island,124,,"['Action', 'Adventure']",The Course Has Been Set. There Is No Turning Back. Prepare Your Weapons. Summon Your Courage. Discover the Adventure of a Lifetime!,"Morgan Adams and her slave, William Shaw, are on a quest to recover the three portions of a treasure map. Unfortunately, the final portion is held by her murderous uncle, Dawg. Her crew is skeptical of her leadership abilities, so she must complete her quest before they mutiny against her. This is made yet more difficult by the efforts of the British crown to end her pirate raids.","['Geena Davis', 'Matthew Modine', 'Frank Langella', 'Maury Chaykin', 'Patrick Malahide']",['Renny Harlin'],"['Joel B. Michaels', 'Laurence Mark', 'Renny Harlin', 'James Gorman']","['exotic island', 'treasure', 'map', 'island', 'ship', 'scalp', 'sword fight', 'betrayal', 'treasure map', 'pirate', 'heroine', 'swashbuckler', 'adventurer', 'pirate ship', '17th century']",False,"['Metro-Goldwyn-Mayer', 'Le Studio Canal+', 'Carolco Pictures', 'Laurence Mark Productions', 'Guild', 'Forge', 'RCS Video', 'Beckner/Gorman Productions', 'Cutthroat Productions', 'Tele-Communications Inc.']","['Spanish', 'French', 'Latin', 'English']",17.416,447,5
524,1995,Casino,179,,"['Crime', 'Drama']",No one stays at the top forever.,"In early-1970s Las Vegas, Sam ""Ace"" Rothstein gets tapped by his bosses to head the Tangiers Casino. At first, he's a great success in the job, but over the years, problems with his loose-cannon enforcer Nicky Santoro, his ex-hustler wife Ginger, her con-artist ex Lester Diamond and a handful of corrupt politicians put Sam in ever-increasing danger.","['Robert De Niro', 'Sharon Stone', 'Joe Pesci', 'Don Rickles', 'James Woods']",['Martin Scorsese'],['Barbara De Fina'],"['poker', 'gambling', 'casino', 'drug abuse', '1970s', 'fbi', 'overdose', 'greed', 'rise and fall', 'car bomb', 'alcoholism', 'organized crime', 'mafia', 'money', 'las vegas', 'desert', 'illegal prostitution', '1980s']",False,"['Universal Pictures', 'Syalis DA', 'De Fina-Cappa', 'Légende Films']",['English'],20.759,4845,8
4584,1995,Sense and Sensibility,136,,"['Drama', 'Romance']",Lose your heart and come to your senses.,"Based on Jane Austen's classic novel of the Dashwood sisters, sensible Elinor and passionate Marianne, whose chances at marriage seem doomed by their family's sudden loss of fortune.  When Henry Dashwood dies unexpectedly, his estate must pass on by law to his son from his first marriage, John and wife Fanny. But these circumstances leave Mr. Dashwood's current wife, and daughters Elinor, Marianne and Margaret, without a home and with barely enough money to live on. As Elinor and Marianne struggle to find romantic fulfillment in a society obsessed with financial and social status, they must learn to mix sense with sensibility in their dealings with both money and men.","['Emma Thompson', 'Kate Winslet', 'Alan Rickman', 'Hugh Grant', 'Gemma Jones']",['Ang Lee'],['Lindsay Doran'],"['london, england', 'based on novel or book', 'servant', 'country life', 'widow', 'pneumonia', 'secret love', 'inheritance', 'military officer', 'period drama', 'english countryside', 'rainstorm', 'decorum', 'horse carriage', 'young love', 'dowry', '19th century', 'penniless', 'social elite', 'bloodletting', 'free spirited', 'sussex', 'jane austen', '1800s', 'sisters love', 'social classes', 'prim and proper', 'marry for money', 'secret engagement', 'devonshire, england']",False,"['Columbia Pictures', 'Mirage Enterprises']",['English'],16.189,1407,7
5,1995,Four Rooms,98,,"['Crime', 'Comedy']","Twelve outrageous guests. Four scandalous requests. And one lone bellhop, in his first day on the job, who's in for the wildest New year's Eve of his life.",It's Ted the Bellhop's first night on the job...and the hotel's very unusual guests are about to place him in some outrageous predicaments. It seems that this evening's room service is serving up one unbelievable happening after another.,"['Tim Roth', 'Jennifer Beals', 'Antonio Banderas', 'Valeria Golino', 'David Proval']","['Allison Anders', 'Alexandre Rockwell', 'Robert Rodriguez', 'Quentin Tarantino']",['Lawrence Bender'],"['hotel', ""new year's eve"", 'witch', 'bet', 'hotel room', 'sperm', 'anthology', 'los angeles, california', 'hoodlum', 'multiple storylines', 'woman director']",False,"['Miramax', 'A Band Apart']",['English'],45.378,2280,5
9273,1995,Ace Ventura: When Nature Calls,90,Ace Ventura Collection,"['Crime', 'Comedy', 'Adventure']",New animals. New adventures. Same hair.,"Summoned from an ashram in Tibet, Ace finds himself on a perilous journey into the jungles of Africa to find Shikaka, the missing sacred animal of the friendly Wachati tribe. He must accomplish this before the wedding of the Wachati's Princess to the prince of the warrior Wachootoos. If Ace fails, the result will be a vicious tribal war.","['Jim Carrey', 'Ian McNeice', 'Simon Callow', 'Bob Gunton', 'Maynard Eziashi']",['Steve Oedekerk'],"['James G. Robinson', 'Bob Israel', 'Andrew G. La Marca']","['africa', 'indigenous', 'kidnapping', 'human animal relationship', 'bat', 'stupidity', 'slapstick comedy', 'animal', 'pets']",False,"['Warner Bros. Pictures', 'Morgan Creek Productions']",['English'],29.624,3562,6
11517,1995,Money Train,110,,"['Action', 'Comedy', 'Crime']","Get on, or GET OUT THE WAY!","When a vengeful New York transit cop decides to steal a trainload of subway fares, his foster brother—a fellow cop—tries to protect him.","['Wesley Snipes', 'Woody Harrelson', 'Jennifer Lopez', 'Robert Blake', 'Chris Cooper']",['Joseph Ruben'],"['Neil Canton', 'Jon Peters']","['new york city', 'sibling relationship', 'subway', 'new york subway', 'train robbery']",False,['Columbia Pictures'],['English'],12.843,642,5
8012,1995,Get Shorty,105,Chili Palmer Collection,"['Comedy', 'Thriller', 'Crime']",Attitude plays a part.,"Chili Palmer is a Miami mobster who gets sent by his boss, the psychopathic ""Bones"" Barboni, to collect a bad debt from Harry Zimm, a Hollywood producer who specializes in cheesy horror films. When Chili meets Harry's leading lady, the romantic sparks fly. After pitching his own life story as a movie idea, Chili learns that being a mobster and being a Hollywood producer really aren't all that different.","['John Travolta', 'Gene Hackman', 'Rene Russo', 'Danny DeVito', 'Dennis Farina']",['Barry Sonnenfeld'],"['Danny DeVito', 'Michael Shamberg', 'Stacey Sher']","['gambling', 'miami, florida', 'based on novel or book', 'gangster', 'murder', 'travel', 'mafia', 'money', 'debt', 'mobster', 'business', 'hollywood', 'drugs', 'producer', 'con']",False,"['Metro-Goldwyn-Mayer', 'Jersey Films']",['English'],16.457,835,6
1710,1995,Copycat,124,,"['Thriller', 'Crime']","One man is copying the most notorious killers in history one at a time. Together, two women must stop him from killing again. Or they’re next.",An agoraphobic psychologist and a female detective must work together to take down a serial killer who copies serial killers from the past.,"['Sigourney Weaver', 'Holly Hunter', 'Will Patton', 'William McNamara', 'Harry Connick Jr.']",['Jon Amiel'],"['Arnon Milchan', 'Mark Tarlov', 'Michael G. Nathanson']","['police brutality', 'psychology', 'police operation', 'police protection', 'serial killer', 'psychologist', 'cowardliness']",False,"['Regency Enterprises', 'New Regency Pictures']","['German', 'English', 'Italian']",13.241,779,6
9691,1995,Assassins,132,,"['Action', 'Adventure', 'Crime', 'Thriller']",In the shadows of life. In the business of death. One man found a reason to live.,"Assassin Robert Rath arrives at a funeral to kill a prominent mobster, only to witness a rival hired gun complete the job for him -- with grisly results. Horrified by the murder of innocent bystanders, Rath decides to take one last job and then return to civilian life. But finding his way out of the world of contract killing grows ever more dangerous as Rath falls for his female target and becomes a marked man himself.","['Sylvester Stallone', 'Antonio Banderas', 'Julianne Moore', 'Anatoli Davydov', 'Muse Watson']",['Richard Donner'],"['Joel Silver', 'Bruce A. Evans', 'Raynold Gideon', 'Richard Donner', 'Jim Van Wyck', 'Andrew Lazar']","['cia', 'bank', 'cat', 'mexican standoff', 'seattle, usa', 'hitman', 'mission of murder', 'hidden camera', 'rivalry', 'rescue', 'shootout', 'police chase', 'sniper rifle', 'detroit, michigan', 'silencer', 'double cross', 'caribbean sea', 'assassinos [1995]']",False,"['Canal+', 'Warner Bros. Pictures', 'Silver Pictures', 'Donner/Shuler-Donner Productions', 'Dino De Laurentiis Company', 'Evansgideon/Lazar']","['English', 'Spanish', 'Dutch']",19.515,1308,6
12665,1995,Powder,111,,"['Drama', 'Fantasy', 'Science Fiction', 'Thriller']",An extraordinary encounter with another human being.,"Harassed by classmates who won't accept his shocking appearance, a shy young man known as ""Powder"" struggles to fit in. But the cruel taunts stop when Powder displays a mysterious power that allows him to do incredible things. This phenomenon changes the lives of all those around him in ways they never could have imagined.","['Mary Steenburgen', 'Sean Patrick Flanery', 'Lance Henriksen', 'Jeff Goldblum', 'Brandon Smith']",['Victor Salva'],"['Roger Birnbaum', 'Daniel Grodnik']","['shot to death', 'teenage boy', 'held at gunpoint', 'teacher student relationship', 'albino', 'fainting', 'christ allegory', 'psionic power', 'healing power', 'flickering light', 'extrasensory perception', 'pale']",False,"['Caravan Pictures', 'Hollywood Pictures']",['English'],16.446,498,6
451,1995,Leaving Las Vegas,111,,"['Drama', 'Romance']",I Love You... The Way You Are.,"Ben Sanderson, an alcoholic Hollywood screenwriter who lost everything because of his drinking, arrives in Las Vegas to drink himself to death. There, he meets and forms an uneasy friendship and non-interference pact with prostitute Sera.","['Nicolas Cage', 'Elisabeth Shue', 'Julian Sands', 'Richard Lewis', 'Steven Weber']",['Mike Figgis'],"['Lila Cazès', 'Annie Stewart']","['individual', 'prostitute', 'alcohol', 'casino', 'love at first sight', 'lovesickness', 'movie business', 'screenwriter', 'hotel room', 'dying and death', 'rage and hate', 'unsociability', 'alcoholism', 'los angeles, california', 'las vegas', 'alcohol abuse']",False,"['United Artists', 'Intial Productions', 'Lumière Pictures']","['English', 'Italian', 'Russian']",17.931,1164,7
16420,1995,Othello,123,,['Drama'],"Envy, greed, jealousy and love.",The evil Iago pretends to be friend of Othello in order to manipulate him to serve his own end in the film version of this Shakespeare classic.,"['Laurence Fishburne', 'Irène Jacob', 'Kenneth Branagh', 'Nathaniel Parker', 'Michael Maloney']",['Oliver Parker'],[],"['jealousy', 'friends', 'the moors (people)']",False,['Castle Rock Entertainment'],['English'],8.368,118,6
9263,1995,Now and Then,100,,"['Comedy', 'Drama', 'Romance']",In every woman there is the girl she left behind.,"Waxing nostalgic about the bittersweet passage from childhood to puberty in this tender coming-of-age tale, four childhood girlfriends -- Teeny, Chrissy, Samantha and Roberta -- recall the magical summer of 1970. During their walk down memory lane, they reconcile experiences with boys, secrets, bullies and more.","['Christina Ricci', ""Rosie O'Donnell"", 'Thora Birch', 'Melanie Griffith', 'Gaby Hoffmann']",['Lesli Linka Glatter'],"['Suzanne Todd', 'Demi Moore']","['1970s', 'female friendship', 'coming of age', 'gynecologist', 'photocopier', 'truth or dare', 'woman director']",False,['New Line Cinema'],['English'],10.924,360,6
17015,1995,Persuasion,104,,"['Drama', 'Romance']",,"Anne Elliot, the daughter of a financially troubled aristocratic family, is persuaded to break her engagement to Frederick Wentworth, a young sea captain of meager means. Years later, money troubles force Anne's father to rent out the family estate to Admiral Croft, and Anne is again thrown into company with Frederick -- who is now rich, successful, and perhaps still in love with Anne.","['Amanda Root', 'Ciarán Hinds', 'Susan Fleetwood', 'Fiona Shaw', 'John Woodvine']",['Roger Michell'],['Fiona Finlay'],"['based on novel or book', 'captain', 'napoleonic wars', 'old flame', 'admiral']",False,['BBC Film'],['English'],12.377,113,7
902,1995,The City of Lost Children,108,,"['Fantasy', 'Science Fiction', 'Adventure']",Where happily ever after is just a dream.,"A scientist in a surrealist society kidnaps children to steal their dreams, hoping that they slow his aging process.","['Ron Perlman', 'Dominique Pinon', 'Judith Vittet', 'Daniel Emilfork', 'Jean-Claude Dreyfus']","['Jean-Pierre Jeunet', 'Marc Caro']","['Claudie Ossard', 'Félicie Dutertre', 'María Victoria Hebrero', 'José Luis Lopez', 'Arlette Mas', 'Elías Querejeta', 'François Rabes']","['clone', 'dream', 'island', 'eye', 'dystopia', 'aging', 'friendship', 'steampunk', 'rescue', 'childhood', 'child kidnapping', 'flea']",False,"['Canal+', 'CNC', 'PROCIREP', 'Constellation Productions', 'France 3 Cinéma', 'Claudie Ossard Productions', 'Eurimages', 'MEDIA Programme of the European Union', 'TVE', 'Cofimage 5', 'Tele München Fernseh Produktionsgesellschaft (TMG)', ""Club d'Investissement Média"", 'Canal+ España', 'Elías Querejeta P. C.', 'Victoires Productions', 'Constellation', 'Lumière Pictures', 'Studio Image', 'Cofimage 4', 'Ossane', 'Phoenix Images']","['Cantonese', 'French']",13.63,878,7
37557,1995,Shanghai Triad,108,,"['Drama', 'Crime']","In 1930, Shanghai violence was not the problem. It was the solution.","Shanghai, China, 1930. When young Shuisheng arrives from the countryside, his uncle Liushu puts him at the service of Bijou, the mistress of Laoda, supreme boss of the Tang Triad, constantly threatened by his enemies, both those he knows and those lurking in the shadows.","['Gong Li', 'Li Baotian', 'Sun Chun', 'Li Xuejian', 'Liu Jiang']",['Zhang Yimou'],"['Jean-Louis Piel', 'Yves Marmion', 'Wu Yigong']","['shanghai, china', 'chinese mafia', 'coming of age', 'mistress', 'criminal underworld', 'drug lord', 'triad', 'modern china', 'nightclub singer', '1930s', 'cabaret singer', 'chinese triad']",False,"['UGC', 'Alpha Films', 'La Sept Cinéma', 'Shanghai Film Studios']",['Mandarin'],7.308,67,6
9909,1995,Dangerous Minds,99,,['Drama'],She broke the rules... and changed their lives.,"Former Marine Louanne Johnson lands a gig teaching in a pilot program for bright but underachieving teens at a notorious inner-city high school. After having a terrible first day, she decides she must throw decorum to the wind. When Johnson returns to the classroom, she does so armed with a no-nonsense attitude informed by her military training and a fearless determination to better the lives of her students -- no matter what the cost.","['Michelle Pfeiffer', 'George Dzundza', 'Courtney B. Vance', 'Robin Bartlett', 'John Neville']",['John N. Smith'],"['Jerry Bruckheimer', 'Don Simpson']","['california', 'rap music', 'karate', 'high school', 'naval officer', 'teacher', 'based on memoir or autobiography', 'amusement park', 'schoolteacher']",False,"['Hollywood Pictures', 'Via Rosa Productions', 'Don Simpson/Jerry Bruckheimer Films']",['English'],17.907,967,7
63,1995,Twelve Monkeys,129,,"['Science Fiction', 'Thriller', 'Mystery']",The future is history.,"In the year 2035, convict James Cole reluctantly volunteers to be sent back in time to discover the origin of a deadly virus that wiped out nearly all of the earth's population and forced the survivors into underground communities. But when Cole is mistakenly sent to 1990 instead of 1996, he's arrested and locked up in a mental hospital. There he meets psychiatrist Dr. Kathryn Railly, and patient Jeffrey Goines, the son of a famous virus expert, who may hold the key to the mysterious rogue group, the Army of the 12 Monkeys, thought to be responsible for unleashing the killer disease.","['Bruce Willis', 'Madeleine Stowe', 'Brad Pitt', 'Christopher Plummer', 'David Morse']",['Terry Gilliam'],['Charles Roven'],"['schizophrenia', 'philadelphia, pennsylvania', 'stockholm syndrome', 'underground', 'time travel', 'post-apocalyptic future', 'dystopia', 'mental institution', 'lethal virus', 'paradox', 'psychiatrist', 'monkey', 'cult film', 'subterranean', 'recurring dream', '1990s', '2030s', 'cassandra syndrome']",False,"['Universal Pictures', 'Atlas Entertainment', 'Classico']","['English', 'French']",55.618,7243,7
9598,1995,Babe,91,Babe Collection,"['Fantasy', 'Drama', 'Comedy', 'Family']",A little pig goes a long way.,"Babe is a little pig who doesn't quite know his place in the world. With a bunch of odd friends, like Ferdinand the duck who thinks he is a rooster and Fly the dog he calls mum, Babe realises that he has the makings to become the greatest sheep pig of all time, and Farmer Hogget knows it. With the help of the sheep dogs, Babe learns that a pig can be anything that he wants to be.","['Christine Cavanaugh', 'Miriam Margolyes', 'Danny Mann', 'Hugo Weaving', 'Miriam Flynn']",['Chris Noonan'],"['George Miller', 'Doug Mitchell', 'Bill Miller']","['alarm clock', 'cat', 'duck', 'sheep', 'pig', 'farm', 'affection', 'piglet', 'heroism', 'anthropomorphism', ""based on children's book"", 'dog', 'separation', 'farmer', 'grandson', 'sheepdog', 'talking pig', 'christmas']",False,"['Universal Pictures', 'Kennedy Miller Productions']",['English'],20.999,2508,6
687,1995,Dead Man Walking,122,,['Drama'],,A death row inmate turns for spiritual guidance to a local nun in the days leading up to his scheduled execution for the murders of a young couple.,"['Susan Sarandon', 'Sean Penn', 'Robert Prosky', 'Raymond J. Barry', 'R. Lee Ermey']",['Tim Robbins'],"['Tim Robbins', 'Rudd Simmons', 'Jon Kilik']","['prison', 'rape', 'nun', 'socially deprived family', 'penalty', 'death penalty', 'despair', 'death row', 'therapist', 'self-discovery', 'prison cell', 'court case', 'death sentence', 'doomed man', 'sentence', 'lethal injection', 'forgiveness', 'charity', 'mercy petition', 'rage and hate', 'unsociability', 'right and justice', 'court', 'cowardliness']",False,"['Havoc', 'PolyGram Filmed Entertainment', 'Working Title Films']",['English'],13.545,1131,7
33689,1995,It Takes Two,101,,"['Comedy', 'Family', 'Romance']",Two identical strangers. Two different worlds. One perfect match.,"Identical 9-year-olds from very different backgrounds: orphaned Amanda and wealthy Alyssa meet at summer camp and decide to switch places -- and play matchmaker between Alyssa's dad, Roger, and the kind social worker who cares for Amanda.","['Kirstie Alley', 'Steve Guttenberg', 'Ashley Olsen', 'Mary-Kate Olsen', 'Jane Sibbett']",['Andy Tennant'],"['James Orr', 'Jim Cruickshank']","['matchmaking', 'orphan', 'identical twin', 'relationship sabotage']",False,"['Warner Bros. Pictures', 'Dualstar Productions', 'Rysher Entertainment', 'Orr & Cruickshank']",['English'],17.242,772,6
9603,1995,Clueless,97,,"['Comedy', 'Romance']",Sex. Clothes. Popularity. Is there a problem here?,"Shallow, rich and socially successful Cher is at the top of her Beverly Hills high school's pecking scale. Seeing herself as a matchmaker, Cher first coaxes two teachers into dating each other. Emboldened by her success, she decides to give hopelessly klutzy new student Tai a makeover. When Tai becomes more popular than she is, Cher realizes that her disapproving ex-stepbrother was right about how misguided she was -- and falls for him.","['Alicia Silverstone', 'Stacey Dash', 'Brittany Murphy', 'Paul Rudd', 'Donald Faison']",['Amy Heckerling'],"['Scott Rudin', 'Robert Lawrence']","['based on novel or book', 'puberty', 'high school', 'make a match', 'spoiled child', 'coming of age', 'conflict', 'wedding', 'woman director', 'gay']",False,['Paramount'],"['Spanish', 'English']",24.487,3744,7
34615,1995,"Cry, the Beloved Country",106,,['Drama'],,A South-African preacher goes to search for his wayward son who has committed a crime in the big city.,"['James Earl Jones', 'Charles S. Dutton', 'Jack Robinson', 'Tsholofelo Wechoemang', 'Ramalao Makhene']",['Darrell James Roodt'],"['Anant Singh', 'Harry Alan Towers']","['based on novel or book', 'south africa', 'apartheid', 'priest', '1940s', 'race relations']",False,"['Miramax', 'Distant Horizon', 'Alpine Pty Limited']",['English'],3.855,21,6
31174,1995,Richard III,104,,"['Drama', 'War']","I can smile, and murder while I smile","A murderous lust for the British throne sees Richard III descend into madness. Though the setting is transposed to the 1930s, England is torn by civil war, split between the rivaling houses of York and Lancaster. Richard aspires to a fascist dictatorship, but must first remove the obstacles to his ascension—among them his brother, his nephews and his brother's wife. When the Duke of Buckingham deserts him, Richard's plans are compromised.","['Ian McKellen', 'Annette Bening', 'Jim Broadbent', 'Robert Downey Jr.', 'Kristin Scott Thomas']",['Richard Loncraine'],"['Stephen Bayly', 'Lisa Katselas']","['england', 'kidnapping', 'murder', 'king']",False,"['United Artists', 'British Screen', 'First Look Pictures', 'Mayfair Entertainment International', 'Bayly/Paré Productions']",['English'],8.071,146,6
11443,1995,Dead Presidents,119,,"['Action', 'Drama', 'Crime', 'War']","In this daring heist, the only color that counts is green",On the streets they call cash dead presidents. And that's just what a Vietnam veteran is after when he returns home from the war only to find himself drawn into a life of crime. With the aid of his fellow vets he plans the ultimate heist -- a daring robbery of an armored car filled with unmarked U.S. currency!,"['Larenz Tate', 'Keith David', 'Chris Tucker', 'Freddy Rodríguez', 'Rose Jackson']","['Albert Hughes', 'Allen Hughes']","['Albert Hughes', 'Allen Hughes']","['post traumatic stress disorder', 'drug abuse', 'war veteran', 'vietnam', 'heist', 'money', 'loss of virginity', 'redemption', 'revolutinoary', 'mercy killing', 'armored truck', 'bronx, new york city', 'medic', '1960s']",False,"['Caravan Pictures', 'Underworld Entertainment', 'Hollywood Pictures']",['English'],10.082,232,6
35196,1995,Restoration,117,,"['Drama', 'Romance']","An ordinary man, an irresistible offer. In a world of seduction and power, temptation has its price.","An aspiring young physician, Robert Merivel found himself in the service of King Charles II and saves the life of someone close to the King. Merivel joins the King's court and lives the high life provided to someone of his position. Merivel is ordered to marry his King's mistress in order to divert the queens suspicions. He is given one order by the king and that is not to fall in love. The situation worsens when Merivel finds himself in love with his new wife. Eventually, the King finds out and relieves Merivel of his position and wealth. His fall from grace leaves Merivel where he first started. And through his travels and reunions with an old friend, he rediscovers his love for true medicine and what it really means to be a physician.","['Robert Downey Jr.', 'Meg Ryan', 'Sam Neill', 'David Thewlis', 'Hugh Grant']",['Michael Hoffman'],"['Cary Brokaw', 'Andy Paterson', 'Sarah Black']","['jealousy', 'medicine', 'fountain', 'court', 'wealth', 'spaniel', 'gloves', '17th century', 'british monarchy']",False,['Miramax'],"['English', 'French']",8.989,93,6
9312,1995,Mortal Kombat,101,Mortal Kombat Collection,"['Action', 'Fantasy']",Nothing In This World Has Prepared You For This.,"For nine generations an evil sorcerer has been victorious in hand-to-hand battle against his mortal enemies. If he wins a tenth Mortal Kombat tournament, desolation and evil will reign over the multiverse forever. To save Earth, three warriors must overcome seemingly insurmountable odds, their own inner demons, and superhuman foes in this action/adventure movie based on one of the most popular video games of all time.","['Christopher Lambert', 'Robin Shou', 'Linden Ashby', 'Cary-Hiroyuki Tagawa', 'Bridgette Wilson-Sampras']",['Paul W. S. Anderson'],"['Lawrence Kasanoff', 'Lauri Apelian', 'Alison Savitch']","['saving the world', 'martial arts', 'monster', 'island', 'magic', 'villain', 'alternate dimension', 'ninja', 'gore', 'sorcerer', 'tournament', 'underground fighting', 'based on video game', 'gods', 'ghost', 'hand to hand combat', 'warrior', 'action hero', 'supernatural power', 'mortal kombat', 'good versus evil']",False,"['New Line Cinema', 'Threshold Entertainment']","['English', 'Italian', 'French']",24.571,1906,5
577,1995,To Die For,106,,"['Drama', 'Comedy', 'Crime']",All she wanted was a little attention,"Suzanne Stone wants to be a world-famous news anchor and she is willing to do anything to get what she wants. What she lacks in intelligence, she makes up for in cold determination and diabolical wiles. As she pursues her goal with relentless focus, she is forced to destroy anything and anyone that may stand in her way, regardless of the ultimate cost or means necessary.","['Nicole Kidman', 'Matt Dillon', 'Joaquin Phoenix', 'Casey Affleck', 'Illeana Douglas']",['Gus Van Sant'],['Laura Ziskin'],"['adultery', 'based on novel or book', 'winter', 'obsession', 'new hampshire', 'mockumentary', 'narcissistic personality disorder']",False,"['Columbia Pictures', 'The Rank Organisation']",['English'],12.425,648,6
11861,1995,How to Make an American Quilt,116,,"['Drama', 'Romance']",There's beauty in the patterns of life.,"Soon-to-be-wed graduate student Finn Dodd develops cold feet when she suspects her fiancé is cheating on her. In order to clear her head, Finn visits her grandmother, Hy, and great aunt, Glady Joe Cleary, in Grasse, Calif. There, Finn learns that Hy and Glady Joe are members of a group of passionate quilters, and over the course of her visit she is regaled with tales of love and life by women who have collected rich experiences and much wisdom.","['Winona Ryder', 'Anne Bancroft', 'Ellen Burstyn', 'Kate Nelligan', 'Jean Simmons']",['Jocelyn Moorhouse'],"['Sarah Pillsbury', 'Midge Sanford']","['wedding vows', 'marriage proposal', 'married couple', 'monogamy', 'advice', 'marriage', 'quilt', 'love', 'family holiday', 'extramarital affair', 'grandmother', 'woman director']",False,"['Universal Pictures', 'Amblin Entertainment']",['English'],12.63,155,6
807,1995,Se7en,127,,"['Crime', 'Mystery', 'Thriller']",Seven deadly sins. Seven ways to die.,"Two homicide detectives are on a desperate hunt for a serial killer whose crimes are based on the ""seven deadly sins"" in this dark and haunting film that takes viewers from the tortured remains of one victim to the next. The seasoned Det. Sommerset researches each sin in an effort to get inside the killer's mind, while his novice partner, Mills, scoffs at his efforts to unravel the case.","['Brad Pitt', 'Morgan Freeman', 'Gwyneth Paltrow', 'Kevin Spacey', 'R. Lee Ermey']",['David Fincher'],"['Arnold Kopelson', 'Phyllis Carlyle']","['self-fulfilling prophecy', 'detective', 's.w.a.t.', 'drug dealer', 'evisceration', 'rage and hate', 'pride and vanity', 'immoderateness', 'insomnia', 'investigation', 'pension', 'police', 'serial killer', 'religion', 'whodunit', 'neo-noir']",False,"['New Line Cinema', 'Juno Pix', 'Cecchi Gori Pictures']",['English'],53.38,18146,8
10530,1995,Pocahontas,81,Pocahontas Collection,"['Adventure', 'Animation', 'Family', 'Romance']",An American legend comes to life.,"Pocahontas, daughter of a Native American tribe chief, falls in love with an English soldier as colonists invade 17th century Virginia.","['Irene Bedard', 'Mel Gibson', 'David Ogden Stiers', 'John Kassir', 'Christian Bale']","['Mike Gabriel', 'Eric Goldberg']",['James Pentecost'],"['culture clash', 'forbidden love', 'colony', 'musical', 'gold rush', 'princess', 'native american', 'colonisation', 'virginia', 'star crossed lovers', 'intercultural relationship', 'based on myths, legends or folklore', '17th century', 'shamanism', 'animal sidekick']",False,"['Walt Disney Pictures', 'Walt Disney Feature Animation']",['English'],41.225,5031,6
8391,1995,When Night Is Falling,96,,"['Drama', 'Romance']",A visual treat on lust.,"A prudish woman working on tenure as a literacy professor at a large urban university finds herself attracted to a free-spirited, liberal woman who works at a local carnival.","['Pascale Bussières', 'Rachael Crawford', 'Henry Czerny', 'David Fox', 'Don McKellar']",['Patricia Rozema'],['Barbara Tranter'],"['professor', 'lgbt', 'woman director', 'lesbian']",False,['Alliance Communications Corporation'],['English'],12.95,55,6
629,1995,The Usual Suspects,106,,"['Drama', 'Crime', 'Thriller']",Five Criminals. One Line Up. No Coincidence.,"Held in an L.A. interrogation room, Verbal Kint attempts to convince the feds that a mythic crime lord, Keyser Soze, not only exists, but was also responsible for drawing him and his four partners into a multi-million dollar heist that ended with an explosion in San Pedro harbor – leaving few survivors. Verbal lures his interrogators with an incredible story of the crime lord's almost supernatural prowess.","['Gabriel Byrne', 'Stephen Baldwin', 'Kevin Spacey', 'Chazz Palminteri', 'Kevin Pollak']",['Bryan Singer'],"['Bryan Singer', 'Michael McDonnell']","['new york city', 'relatives', 'flashback', 'heist', 'police corruption', 'whodunit', 'theft', 'criminal', 'criminal mastermind', 'cargo ship', 'mind game', 'neo-noir', 'mystery villain', 'crime']",False,"['Blue Parrot Productions', 'Bad Hat Harry Productions']","['Spanish', 'English', 'French', 'Hungarian']",26.657,9050,8
11448,1995,Mighty Aphrodite,95,,"['Comedy', 'Romance']","Of all human weaknesses, obsession is the most dangerous, and the silliest!","When Lenny and his wife, Amanda, adopt a baby, Lenny realizes that his son is a genius and becomes obsessed with finding the boy's biological mother in hopes that she will be brilliant too. But when he learns that Max's mother is Linda Ash, a kindhearted prostitute and porn star, Lenny is determined to reform her immoral lifestyle. A Greek chorus chimes in to relate the plot to Greek mythology in this quirky comedy.","['Woody Allen', 'Mira Sorvino', 'Helena Bonham Carter', 'F. Murray Abraham', 'Donald Symington']",['Woody Allen'],['Robert Greenhut'],"['prostitute', 'adoption', 'adoptive father', 'childlessness', 'looking for  birth parents', 'adoptive mother', 'illegal prostitution', 'child']",False,"['Miramax', 'Magnolia Pictures']",['English'],11.633,552,6
49133,1994,Lamerica,112,,['Drama'],,"Fiore, an Italian conman, arrives in post Communist Albania with Gino, his young apprentice, to set up a shoe factory that will never open. The con requires a native Albanian, so they designate Spiro, an impoverished and confused former political prisoner as chairman of the board. When Fiore returns to Italy to get government funds for the project, Spiro unexpectedly disappears and Gino sets out on a journey to find him. The search leads him to discover Spiro's tragic personal history and witness Albanian poverty firsthand.","['Enrico Lo Verso', 'Michele Placido', 'Piro Milkani', 'Carmelo Di Mazzarelli', 'Elida Janushi']",['Gianni Amelio'],"['Mario Cecchi Gori', 'Vittorio Cecchi Gori']",[],False,"['Canal+', 'Cecchi Gori Group Tiger Cinematografica', 'RAI', 'Vega Film', 'Arena Films', 'Alia Film']","['Albanian', 'Italian']",4.442,46,7
26441,1995,The Big Green,100,,"['Action', 'Adventure', 'Comedy', 'Family']",The biggest kick of the year!,"In a depressed Texas town, British foreign exchange teacher Anna attempts to inject some life into her hopeless kids by introducing them to soccer. They're terrible at first, but Anna and her football-hero assistant whip them into shape. As they work overtime, the pair help kids build their self-esteem and also get involved in solving family squabbles.","['Patrick Renna', ""Olivia d'Abo"", 'Steve Guttenberg', 'Bug Hall', 'Jessica Robertson']",['Holly Goldberg Sloan'],[],"['sports', 'football (soccer)', 'woman director']",False,"['Walt Disney Pictures', 'Caravan Pictures']","['German', 'English']",11.037,157,5
97406,1995,Georgia,115,,['Drama'],The toughest act to follow was their dreams.,"Sadie looks up to her older sister Georgia, a successful folk singer who's happily married with children, but can't break out of the bar-band circuit and hit the big time she desperately covets. It's in part due to her attraction to drugs and booze, and also to her own unwise choice in men. Finally, though, Sadie's Achilles heel is a rough, unlovely voice very different than her sister's crowd-pleasing singing.","['Jennifer Jason Leigh', 'Mare Winningham', 'Ted Levine', 'Max Perlich', 'John Doe']",['Ulu Grosbard'],"['Jennifer Jason Leigh', 'Barbara Turner', 'Ulu Grosbard']","['sibling relationship', 'alcohol', 'seattle, usa', 'heroin', 'artist', 'singer', 'drugs', 'folk singer', 'sister sister relationship']",False,"['Miramax', 'CiBy 2000']","['English', 'French']",5.441,33,5
9089,1995,Home for the Holidays,103,,"['Comedy', 'Drama', 'Romance']",We'll do it every year... until we get it right.,"After losing her job, making out with her soon to be ex-boss, and finding out that her daughter plans to spend Thanksgiving with her boyfriend, Claudia Larson has to face spending the holiday with her family. She wonders if she can survive their crazy antics.","['Holly Hunter', 'Robert Downey Jr.', 'Anne Bancroft', 'Charles Durning', 'Dylan McDermott']",['Jodie Foster'],"['Jodie Foster', 'Peggy Rajski']","['generations conflict', 'baltimore, usa', 'thanksgiving', 'family clan', 'family conflict', 'woman director', 'christmas']",False,"['Paramount', 'Egg Pictures', 'PolyGram Filmed Entertainment']",['English'],9.96,151,6
11010,1994,The Postman,109,,"['Comedy', 'Drama', 'Romance']",Dreams do come true.,Simple Italian postman learns to love poetry while delivering mail to a famous poet; he uses this to woo local beauty Beatrice.,"['Massimo Troisi', 'Philippe Noiret', 'Maria Grazia Cucinotta', 'Renato Scarpa', 'Linda Moretti']",['Michael Radford'],"['Mario Cecchi Gori', 'Vittorio Cecchi Gori', 'Gaetano Daniele']","['island', 'letter', 'postman', 'naples, italy', 'fisherman', 'poet', 'love', 'poverty']",False,"['Cecchi Gori Group Tiger Cinematografica', 'Penta Film', 'Blue Dahlia Productions', 'Esterno Mediterraneo Film', 'K2 Two']","['Italian', 'Spanish']",11.551,993,7
11359,1995,The Indian in the Cupboard,96,,"['Adventure', 'Family', 'Fantasy']",,A nine-year-old boy gets a plastic Indian and a cupboard for his birthday and finds himself involved in adventure when the Indian comes to life and befriends him.,"['Hal Scardino', 'Litefoot', 'Lindsay Crouse', 'Richard Jenkins', 'Rishi Bhat']",['Frank Oz'],"['Kathleen Kennedy', 'Frank Marshall', 'Jane Startz']","['cupboard', 'games', 'puppet', ""based on children's book"", 'parallel world', 'toy comes to life', 'toy soldier']",False,"['Paramount', 'Columbia Pictures', 'The Kennedy/Marshall Company']","['English', 'Italian']",22.371,520,6
17182,1996,Eye for an Eye,101,,"['Thriller', 'Crime']",What do you do when justice fails?,"It's fire and brimstone time as grieving mother Karen McCann takes justice into her own hands when a kangaroo court in Los Angeles fails to convict Robert Doob, the monster who raped and murdered her 17-year-old daughter.","['Sally Field', 'Kiefer Sutherland', 'Ed Harris', ""Beverly D'Angelo"", 'Charlayne Woodard']",['John Schlesinger'],['Michael I. Levy'],"['rape', 'gun', 'self-defense', 'rape and revenge', 'grieving parents']",False,['Paramount'],"['Korean', 'French', 'English', 'Spanish']",20.189,290,6
2054,1995,Mr. Holland's Opus,137,,"['Drama', 'Music', 'Family']","Of All the Lives He Changed, the One That Changed the Most Was His Own.","In 1965, passionate musician Glenn Holland takes a day job as a high school music teacher, convinced it's just a small obstacle on the road to his true calling: writing a historic opus. As the decades roll by with the composition unwritten but generations of students inspired through his teaching, Holland must redefine his life's purpose.","['Richard Dreyfuss', 'Glenne Headly', 'Jay Thomas', 'Olympia Dukakis', 'William H. Macy']",['Stephen Herek'],"['Ted Field', 'Robert W. Cort', 'Michael Nolin']","['husband wife relationship', 'composer', 'mentor', 'deaf-mute', 'portland, oregon', 'music teacher', 'apprentice', 'high school', 'marching band', 'teacher student relationship', 'high school teacher', 'disabled', 'teaching', 'sign languages', 'father son relationship']",False,"['Hollywood Pictures', 'The Charlie Mopic Company', 'PolyGram Filmed Entertainment', 'Interscope Communications']",['English'],11.056,342,7
10607,1996,Don't Be a Menace to South Central While Drinking Your Juice in the Hood,89,,['Comedy'],"Finally, the movie that proves that Justice isn't always Poetic, Jungle Fever isn't always pretty, and Higher Learning can be a waste of time.","When Ashtray moves to South Central L.A. to live with his father (who appears to be the same age he is) and grandmother (who likes to talk tough and smoke reefer), he falls in with his gang-banging cousin Loc Dog, who along with the requisite pistols and Uzi carries a thermo-nuclear warhead for self-defense. Will Ashtray be able to keep living the straight life?","['Shawn Wayans', 'Marlon Wayans', 'Tracey Cherelle Jones', 'Chris Spencer', 'Vivica A. Fox']",['Paris Barclay'],"['Keenen Ivory Wayans', 'Eric L. Gold']","['date', 'slang', 'hip-hop', 'gangster', 'cousin', 'parody', 'hood', 'gang', 'social satire', 'racism']",False,"['Miramax', 'Island Pictures', 'Ivory Way Productions']","['Spanish', 'English']",74.33,1046,6
19760,1996,Two If by Sea,96,,"['Comedy', 'Romance']","A new comedy about love, laughter, and larceny","Frank O'Brien, a petty thief, and his 7-year-long girlfriend Roz want to put an end to their unsteady lifestyle and just do that last job, which involves stealing a valuable painting. Frank takes Roz to an island on the coast of New England, where he wants to sell the painting and also hopes that their sagging relationship will get a positive push back up. Not everything goes as planned.","['Sandra Bullock', 'Denis Leary', 'Yaphet Kotto', 'Stephen Dillane', 'Tracey Cherelle Jones']",['Bill Bennett'],['James G. Robinson'],"['island', 'painting', 'thief', 'seasickness']",False,"['Warner Bros. Pictures', 'Morgan Creek Productions']",['English'],6.26,72,4
9536,1996,Bio-Dome,95,,['Comedy'],Bud and Doyle are here to save the world. But who's gonna save the world from Bud and Doyle?,"Bud and Doyle are two losers who are doing nothing with their lives. Both of their girlfriends are actively involved in saving the environment, but the two friends couldn't care less about saving the Earth. One day, when a group of scientists begin a mission to live inside a ""Bio-Dome"" for a year without outside contact, Bud and Doyle mistakenly become part of the project themselves.","['Pauly Shore', 'Stephen Baldwin', 'William Atherton', 'Joey Lauren Adams', 'Teresa Hill']",['Jason Bloom'],"['Brad Krevoy', 'Steven Stabler', 'Bradley Jenkel']","['biotope', 'vegetarian', 'pollution', 'biosphere']",False,"['Metro-Goldwyn-Mayer', '3 Arts Entertainment', 'Motion Picture Corporation of America', 'Weasel Productions']","['Russian', 'English']",10.34,298,4
11525,1996,Lawnmower Man 2: Beyond Cyberspace,92,The Lawnmower Man Collection,"['Science Fiction', 'Horror', 'Action', 'Thriller']","God made him simple. Science made him a god. Now, he wants revenge.","Jobe is resuscitated by Jonathan Walker. He wants Jobe to create a special computer chip that would connect all the computers in the world into one network, which Walker would control and use. But what Walker doesn't realize is a group of teenage hackers are on to him and out to stop his plan.","['Patrick Bergin', 'Matt Frewer', ""Austin O'Brien"", 'Ely Pouget', 'Camille Cooper']",['Farhad Mann'],"['Edward Simons', 'Keith Fox']","['technology', 'hacker', 'virtual reality', 'computer', 'sword fight', 'revenge', 'cyberpunk', 'scientist', 'cyberspace', 'surveillance', 'based on short story', 'world domination', 'supernatural power']",False,['New Line Cinema'],['English'],8.757,109,2
4482,1995,French Twist,95,,"['Comedy', 'Romance']",A scorned wife. An outrageous affair. The perfect revenge.,"After learning of her husband's infidelities, a housewife invites an itinerant lesbian to move in with them. None of their lives will ever be the same again.","['Victoria Abril', 'Josiane Balasko', 'Alain Chabat', 'Ticky Holgado', 'Catherine Hiegel']",['Josiane Balasko'],['Pierre Grunstein'],"['love triangle', 'southern france', 'estate agent', 'menage a trois', 'van', 'polyamory', 'woman director']",False,"['Renn Productions', 'Canal+', 'TF1 Films Production', 'Les Films Flam']","['French', 'Spanish']",9.208,265,6
10634,1995,Friday,91,Friday Collection,['Comedy'],A lot can go down between thursday and saturday...,"Craig and Smokey are two guys in Los Angeles hanging out on their porch on a Friday afternoon, smoking and drinking, looking for something to do.","['Ice Cube', 'Chris Tucker', 'Nia Long', ""Tom 'Tiny' Lister Jr."", 'John Witherspoon']",['F. Gary Gray'],[],"['rap music', 'parent child relationship', 'drug dealer', 'male friendship', 'rapper', 'urban life', 'slacker', 'bully', 'marijuana', 'pot smoking', 'los angeles, california', 'drugs']",False,['New Line Cinema'],"['English', 'Spanish']",39.93,1453,7
755,1996,From Dusk Till Dawn,108,From Dusk Till Dawn Collection,"['Horror', 'Action', 'Thriller', 'Crime']",One night is all that stands between them and freedom. But it's going to be a hell of a night.,"Seth Gecko and his younger brother Richard are on the run after a bloody bank robbery in Texas. They escape across the border into Mexico and will be home-free the next morning, when they pay off the local kingpin. They just have to survive 'from dusk till dawn' at the rendezvous point, which turns out to be a Hell of a strip joint.","['George Clooney', 'Quentin Tarantino', 'Harvey Keitel', 'Juliette Lewis', 'Ernest Liu']",['Robert Rodriguez'],"['Gianni Nunnari', 'Meir Teper']","['dancing', 'sibling relationship', 'showdown', 'sheriff', 'bank robber', 'vampire', 'holy water', 'siege', 'stripper', 'priest', 'bank robbery', 'preacher', 'hostage situation', 'crucifix', 'recreational vehicle', 'mexican american border', 'female stripping', 'boa constrictor', 'foot fetish', 'barefoot']",False,"['Miramax', 'A Band Apart', 'Dimension Films', 'Los Hooligans Productions']","['English', 'Spanish']",28.231,5096,7
11859,1995,Fair Game,91,,['Action'],He's a cop on the edge. She's a woman with a dangerous secret. And now they're both...,"Max Kirkpatrick is a cop who protects Kate McQuean, a civil law attorney, from a renegade KGB team out to terminate her","['William Baldwin', 'Cindy Crawford', 'Steven Berkoff', 'Christopher McDonald', 'Miguel Sandoval']",['Andrew Sipes'],['Joel Silver'],"['bomb', 'miami, florida', 'spy', 'detective', 'handcuffs', 'based on novel or book', 'hostage', 'fbi', 'kidnapping', 'hacker', 'kgb', 'chase', 'sadism', 'parking garage', 'pizza', 'police protection', 'psychopath', 'remake', 'car crash', 'conspiracy', 'on the run', 'fugitive', 'shootout', 'gunfight', 'sadist', 'foot chase', 'police detective', 'police station', 'held at gunpoint', 'double cross', 'cult film', 'machine gun', 'grenade launcher', 'rogue agent', 'woman lawyer', 'damsel in distress']",False,"['Warner Bros. Pictures', 'Silver Pictures']","['English', 'Spanish', 'Portuguese']",11.642,243,4
28387,1995,Kicking and Screaming,96,,"['Comedy', 'Drama', 'Romance']",Anxiety loves company,"After college graduation, Grover's girlfriend Jane tells him she's moving to Prague to study writing. Grover declines to accompany her, deciding instead to move in with several friends, all of whom can't quite work up the inertia to escape their university's pull. Nobody wants to make any big decisions that would radically alter his life, yet none of them wants to end up like Chet, the professional student who tends bar and is in his tenth year of university studies.","['Josh Hamilton', ""Olivia d'Abo"", 'Chris Eigeman', 'Parker Posey', 'Jason Wiles']",['Noah Baumbach'],['Joel Kastelberg'],"['male friendship', 'college', 'friendship', 'campus', 'video store', 'graduate']",False,"['Lions Gate Films', 'Trimark Pictures', 'Castleberg Productions', 'Sandollar Productions']",['English'],8.632,151,6
48750,1995,Les Miserables,175,,['Drama'],"In a time of chaos, in a world of change, he was moved by a book he could not read to become a hero he never imagined.","In France during World War II, a poor and illiterate man, Henri Fortin (Jean-Paul Belmondo), is introduced to Victor Hugo's classic novel Les Misérables and begins to see parallels between the book and his own life.","['Jean-Paul Belmondo', 'Michel Boujenah', 'Alessandra Martines', 'Salomé Lelouch', 'Annie Girardot']",['Claude Lelouch'],['Claude Lelouch'],"['paris, france', 'nun', 'boxer', 'lawyer']",False,"['Canal+', 'Les Films 13', 'TF1']",['French'],7.344,57,6
20927,1996,Bed of Roses,87,,"['Drama', 'Romance']",He gave her flowers. She gave him a chance.,"The seeds of love are planted when Lisa, a high-powered investment banker, receives flowers from a secret admirer. But when his fairy-tale fantasies clash with her workaholic ways, they soon find out that sometimes, it's harder than it seems for love to conquer all.","['Christian Slater', 'Mary Stuart Masterson', 'Pamela Adlon', 'Josh Brolin', 'Brian Tarantina']",['Michael Goldenberg'],"['Allan Mindel', 'Denise Shaw']","['florist', 'family relationships']",False,"['New Line Cinema', 'Juno Pix']",['English'],7.504,98,5
36929,1996,Big Bully,90,,['Comedy'],A comedy for the kid in all of us.,"A writer returns to his hometown where he faces the childhood nemesis whose life he ultimately ruined, only the bully wants to relive their painful past by torturing him once again.","['Rick Moranis', 'Tom Arnold', 'Julianne Phillips', 'Carol Kane', 'Jeffrey Tambor']",['Steve Miner'],[],['bully'],False,"['Warner Bros. Pictures', 'Morgan Creek Productions']",['English'],5.49,61,4
9102,1995,Screamers,108,Screamers Collection,"['Horror', 'Science Fiction']",The last scream you hear will be your own.,"SIRIUS 6B, Year 2078. On a distant mining planet ravaged by a decade of war, scientists have created the perfect weapon: a blade-wielding, self-replicating race of killing devices known as Screamers designed for one purpose only -- to hunt down and destroy all enemy life forms.","['Peter Weller', 'Jennifer Rubin', 'Roy Dupuis', 'Andrew Lauer', 'Liliana Komorowska']",['Christian Duguay'],"['Franco Battista', 'Tom Berry']","['man vs machine', 'alien planet', 'struggle for survival']",False,"['The Movie Network', 'Allegro Films', 'Fuji Eight Company Ltd.', 'Fries Film Group', 'Super Ecran', 'Triumph Films']",['English'],10.388,437,6
124626,1995,Nico Icon,70,,['Documentary'],,"A look into the many lives of Christa Päffgen, otherwise known as Nico; from cutie German mädchen to the first of the supermodels, to glamorous diva of the Velvet Underground, to cult item, junkie and hag. Many faces for the same woman, whom, you realize, just couldn't bring herself to care enough to live.","['Nico', 'Tina Aumont', 'Christian Aaron Boulogne', 'Jackson Browne', 'John Cale']",['Susanne Ofteringer'],[],[],False,"['ZDF', 'Ciak Filmproduktion', 'Bluehorse Films']","['German', 'English']",3.177,8,6
27526,1995,The Crossing Guard,111,,"['Drama', 'Thriller']","...some lives cross, others collide.","After his daughter died in a hit and run, Freddy Gale has waited six years for John Booth, the man responsible, to be released from prison. On the day of release, Gale visits Booth and announces that he will kill him in one week. Booth uses his time to try and make peace with himself and his entourage, and even finds romance. Gale, whose life is spiraling down because of his obsession towards Booth, will bring himself on the very edge of sanity. At he end of the week, both men will find themselves on a collision course with each other.","['Jack Nicholson', 'David Morse', 'Anjelica Huston', 'Robin Wright', 'Piper Laurie']",['Sean Penn'],"['Sean Penn', 'David Hamburger']","['loss of loved one', 'hit-and-run', 'revenge', 'tragedy']",False,['Miramax'],['English'],10.773,217,6
9623,1996,The Juror,118,,['Thriller'],There is no defense.,"With his gangster boss on trial for murder, a mob thug known as ""the Teacher"" tells Annie Laird she must talk her fellow jurors into a not-guilty verdict, implying that he'll kill her son Oliver if she fails. She manages to do this, but, when it becomes clear that the mobsters might want to silence her for good, she sends Oliver abroad and tries to gather evidence of the plot against her, setting up a final showdown.","['Demi Moore', 'Alec Baldwin', 'Joseph Gordon-Levitt', 'Anne Heche', 'James Gandolfini']",['Brian Gibson'],"['Irwin Winkler', 'Rob Cowan']","['jurors', 'blackmail', 'court case', 'son', 'trial', 'courtroom', 'courtroom drama', 'legal thriller']",False,['Columbia Pictures'],['English'],9.571,308,5
46785,1995,The White Balloon,85,,['Drama'],,Several people try to take advantage of a little girl's innocence to hustle money her mom gave to her to buy a goldfish with.,"['Aida Mohammadkhani', 'Mohsen Kafili', 'Fereshteh Sadr Orafaee', 'Anna Borkowska', 'Mohammad Shahani']",['Jafar Panahi'],['Kurosh Mazkouri'],"['fish', 'money', 'celebration', 'goldfish']",False,"['I.R.I.B. Channel 2', 'Ferdos Films']",['Persian'],5.625,66,7
400,1995,Things to Do in Denver When You're Dead,116,,"['Drama', 'Crime']",Protect. Love. Honor. Avenge.,Five different criminals face imminent death after botching a job quite badly.,"['Andy García', 'Christopher Lloyd', 'William Forsythe', 'Bill Nunn', 'Treat Williams']",['Gary Fleder'],['Cary Woods'],"['bounty hunter', 'parent child relationship', 'boat', 'way of life', 'coffin', 'denver, colorado', 'godmother', 'paranoia', 'hitman', 'gangster', 'friendship', 'psychopath', 'revenge', 'murder', 'mafia', 'diner', 'illegal prostitution', 'extramarital affair']",False,['Miramax'],['English'],10.447,314,6
880,1995,Antonia's Line,102,,"['Drama', 'Comedy']",A motion picture that celebrates everything you love about life.,"After World War II, Antonia and her daughter, Danielle, go back to their Dutch hometown, where Antonia's late mother has bestowed a small farm upon her. There, Antonia settles down and joins a tightly-knit but unusual community. Those around her include quirky friend Crooked Finger, would-be suitor Bas and, eventually for Antonia, a granddaughter and great-granddaughter who help create a strong family of empowered women.","['Willeke van Ammelrooy', 'Els Dottermans', 'Dora van der Groen', 'Veerle van Overloop', 'Carolien Spoor']",['Marleen Gorris'],"['Gerard Cornelisse', 'Hans de Weers', 'Hans de Wolf']","['suicide', 'underdog', 'free love', 'philosophy', 'rape', 'loss of loved one', 'mentally disabled', 'parent child relationship', 'village life', 'world war ii', 'feminism', 'indian summer ', 'family history', 'widow', 'peasant', 'village', 'mathematics', 'freedom', 'right and justice', 'single', 'male homosexuality', 'domestic violence', 'university', 'woman director']",False,"['Bergen Film', 'Bard Entertainments', 'NPS Televisie']",['Dutch'],8.454,101,7
146599,1996,Once Upon a Time... When We Were Colored,115,,"['Romance', 'Drama']",,"This film relates the story of a tightly connected Afro-American community informally called Colored Town where the inhabitants live and depend on each other in a world where racist oppression is everywhere, as told by a boy called Cliff who spent his childhood there. Despite this, we see the life of the community in all its joys and sorrows, of those that live there while others decide to leave for a better life north. For those remaining, things come to a serious situation when one prominent businessman is being muscled out by a white competitor using racist intimidation. In response, the community must make the decision of whether to submit meekly like they always have, or finally fight for their rights.","['Al Freeman Jr.', 'Phylicia Rashād', 'Paula Kelly', 'Salli Richardson-Whitfield', 'Anna Maria Horsford']",['Tim Reid'],[],"['racial segregation', 'family relationships', 'rural area']",False,"['BET Pictures', 'United Image Entertainme']",['English'],1.745,3,5
8447,1995,Angels and Insects,118,,"['Drama', 'Romance']",An elegant seduction. An erotic deception. A stunning revelation.,"In Victorian England, wealthy patriarch Sir Harald Alabaster invites an impoverished biologist, William Adamson, into his home. There, William tries to continue his work, but is distracted by Alabaster's seductive daughter, Eugenia. William and Eugenia begin a torrid romance, but as the couple become closer, the young scientist begins to realize that dark, disturbing things are happening behind the closed doors of the Alabaster manor.","['Mark Rylance', 'Kristin Scott Thomas', 'Patsy Kensit', 'Jeremy Kemp', 'Douglas Henshall']",['Philip Haas'],"['Joyce Herlihy', 'Kerry Orent', 'Belinda Haas']","['insect', 'class society', 'rich woman poor man', 'victorian england', 'scientist', 'incest', 'based on short story', 'naturalist']",False,"['Samuel Goldwyn Company', 'Playhouse International Pictures']",['English'],5.648,42,6
10534,1996,White Squall,129,,"['Adventure', 'Action', 'Drama']",The strongest will in nature is the will to survive.,"In 1960, a hardy group of prep school students boards an old-fashioned sailing ship. With Capt. Christopher Sheldon at the helm, the oceangoing voyage is intended to teach the boys fortitude and discipline. But the youthful crew are about to get some unexpected instruction in survival when they get caught in the clutches of a white squall storm.","['Jeff Bridges', 'Caroline Goodall', 'John Savage', 'Scott Wolf', 'Jeremy Sisto']",['Ridley Scott'],"['Mimi Polk Gitlin', 'Rocky Lang']","['sailing trip', 'diary', 'sailing', 'survival', 'coming of age', 'teenage boy', 'discipline', 'squall', 'sail', 'caribbean sea', 'male bonding', 'seasickness', 'storm at sea', '1960s']",False,"['Hollywood Pictures', 'Largo Entertainment', 'Scott Free Productions']",['English'],9.958,288,6
17414,1996,Dunston Checks In,88,,"['Family', 'Comedy', 'Adventure']",He's about to turn a Five Star Hotel into a three ring circus.,"Hotel manager Robert Grant is forced by his boss to postpone his family vacation when a hotel critic checks in. Trouble is, the critic is really a villainous jewel thief with an orangutan assistant named Dunston. When Dunston gets loose and tries to escape a life of crime -- aided by Robert's sons -- havoc, hijinks and lots of laughs abound!","['Jason Alexander', 'Faye Dunaway', 'Eric Lloyd', 'Rupert Everett', 'Graham Sack']",['Ken Kwapis'],[],"['boss', 'fistfight', 'bully', 'orangutan', 'single father', 'hotel manager', 'jewel theft', 'employer employee relationship', 'bali', 'father son relationship', 'brother brother relationship', 'mischief']",False,"['20th Century Fox', 'Joe Wizan/Todd Black']","['Russian', 'English', 'French']",9.97,189,5
13997,1996,Black Sheep,87,,['Comedy'],There's one in every family.,"When dignified Albert Donnelly runs for Governor, his team moves to keep his slow-witted and klutzy younger brother, Mike, out of the eye of the media. To baby-sit Mike, the campaign assigns sarcastic Steve, who gets the experience of a lifetime when he tries to take Mike out of town during the election.","['Chris Farley', 'David Spade', 'Tim Matheson', 'Gary Busey', 'Chris Owen']",['Penelope Spheeris'],['Lorne Michaels'],"['corrupt politician', 'nitrous oxide', 'candid camera', 'double act', 'political satire', 'woman director']",False,['Paramount'],['English'],11.514,331,6
2086,1995,Nick of Time,90,,"['Thriller', 'Crime', 'Action']",,"An unimpressive, every-day man is forced into a situation where he is told to kill a politician to save his kidnapped daughter.","['Johnny Depp', 'Courtney Chase', 'Charles S. Dutton', 'Christopher Walken', 'Roma Maffia']",['John Badham'],['John Badham'],"['assassination', 'politics', 'los angeles, california']",False,['Paramount'],['English'],8.634,590,6
9095,1996,Mary Reilly,104,,"['Drama', 'Horror', 'Thriller', 'History']",The untold story of Jekyll and Hyde,"A housemaid falls in love with Dr. Jekyll and his darkly mysterious counterpart, Mr. Hyde.","['Julia Roberts', 'John Malkovich', 'George Cole', 'Michael Gambon', 'Glenn Close']",['Stephen Frears'],"['Norma Heyman', 'Ned Tanen', 'Nancy Graham Tanen']","['servant', 'monster', 'laboratory', 'jekyll and hyde', 'housemaid', '19th century']",False,"['TriStar Pictures', 'NFH Films']",['English'],11.252,267,5
12158,1995,Vampire in Brooklyn,100,,"['Comedy', 'Horror', 'Romance']",A comic tale of horror and seduction.,"Maximillian, the lone survivor of a race of vampires, comes to Brooklyn in search of a way to live past the next full moon. His ticket to survival is Rita, a NYPD detective who doesn't know she's half vampire -- and Maximillian will do whatever's necessary to put her under his spell.","['Eddie Murphy', 'Angela Bassett', 'Allen Payne', 'Kadeem Hardison', 'John Witherspoon']",['Wes Craven'],"['Eddie Murphy', 'Mark Lipsky']","['vampire', 'brooklyn, new york city']",False,['Paramount'],['English'],10.806,471,5
9283,1996,Beautiful Girls,112,,"['Comedy', 'Drama', 'Romance']",Good times never seemed so good.,"During a snowy winter in the small fictional town of Knight's Ridge, Massachusetts, a group of lifelong buddies hang out, drink and struggle to connect with the women who affect their decisions, dreams and desires.","['Timothy Hutton', 'Matt Dillon', 'Noah Emmerich', 'Annabeth Gish', 'Lauren Holly']",['Ted Demme'],['Cary Woods'],"['small town', 'massachusetts', 'friendship', 'coming of age', 'hometown', 'group of friends']",False,"['Miramax', 'Woods Entertainment']",['English'],8.87,299,6
9208,1996,Broken Arrow,108,,['Action'],Prepare to Go Ballistic.,"When rogue stealth-fighter pilot Vic Deakins deliberately drops off the radar while on maneuvers, the Air Force ends up with two stolen nuclear warheads -- and Deakins's co-pilot, Riley Hale, is the military's only hope for getting them back. Traversing the deserted canyons of Utah, Hale teams with park ranger Terry Carmichael to put Deakins back in his box.","['John Travolta', 'Christian Slater', 'Samantha Mathis', 'Delroy Lindo', 'Frank Whaley']",['John Woo'],"['Mark Gordon', 'Terence Chang', 'Bill Badalato']","['helicopter', 'river', 'captain', 'underground', 'mexican standoff', 'countdown', 'pilot', 'fistfight', 'canyon', 'major', 'betrayal', 'gunfight', 'train', 'explosion', 'park ranger', 'desert', 'military', 'nuclear device', 'boxing', 'stealth aircraft', 'abandoned mine', 'action hero', 'humvee', 'good versus evil']",False,"['20th Century Fox', 'WCG Entertainment Productions', 'The Mark Gordon Company']",['English'],16.999,1260,6
40154,1995,In the Bleak Midwinter,99,,['Comedy'],The drama. The passion. The intrigue... And the rehearsals haven't even started.,"Out of work actor Joe volunteers to help try and save his sister's local church for the community by putting on a Christmas production of Hamlet, somewhat against the advice of his agent Margaretta. As the cast he assembles are still available even at Christmas and are prepared to do it on a 'profit sharing' basis (that is, they may not get paid anything) he cannot expect - and does not get - the cream of the cream. But although they all bring their own problems and foibles along, something bigger starts to emerge in the perhaps aptly named village of Hope.","['Michael Maloney', 'Richard Briers', 'Joan Collins', 'Nicholas Farrell', 'Julia Sawalha']",['Kenneth Branagh'],['David Barron'],"['theatre group', 'black and white', 'hamlet', 'christmas', 'theater']",False,"['Castle Rock Entertainment', 'Midwinter Films']",['English'],5.217,29,7
406,1995,La Haine,98,,['Drama'],"How far you fall doesn't matter, it's how you land…","After a chaotic night of rioting in a marginal suburb of Paris, three young friends, Vinz, Hubert and Saïd, wander around unoccupied waiting for news about the state of health of a mutual friend who has been seriously injured when confronting the police.","['Vincent Cassel', 'Hubert Koundé', 'Saïd Taghmaoui', 'Abdel Ahmed Ghili', 'Souleymane Dicko']",['Mathieu Kassovitz'],['Christophe Rossignon'],"['paris, france', 'neo-nazism', 'police brutality', 'hip-hop', 'socially deprived family', 'breakdance', 'ghetto', 'male friendship', 'racism', 'xenophobia', 'day in a life', 'paris suburb']",False,"['Canal+', 'StudioCanal', 'Les Productions Lazennec', 'La Sept Cinéma', 'Kasso Productions']",['French'],18.711,3269,8
63076,1995,Heidi Fleiss: Hollywood Madam,106,,['Documentary'],Hollywood was the whore. She was just the madam.,"A documentary crew from the BBC arrives in L.A. intent on interviewing Heidi Fleiss, a year after her arrest for running a brothel but before her trial. Several months elapse before the interview, so the crew searches for anyone who'll talk about the young woman. Two people have a lot to say to the camera: a retired madam named Alex for whom Fleiss once worked and Fleiss's one-time boyfriend, Ivan Nagy, who introduced her to Alex. Alex and Nagy don't like each other, so the crew shuttles between them with ""she said"" and ""he said."" When they finally interview Fleiss, they spend their time reciting what Alex and Nagy have had to say and asking her reaction.","['Nick Broomfield', 'Heidi Fleiss', 'Madam Alex', 'Ivan Nagy', 'Corinne Bohrer']",['Nick Broomfield'],['Nick Broomfield'],"['narration', 'based on true story', 'hollywood', 'prostitution', 'sex crime']",False,"['WDR', 'BBC', 'CBC', 'Cinemax Reel Life', 'InPictures', 'Lafayette Films']",['English'],3.634,13,6
11062,1996,City Hall,111,,"['Drama', 'Thriller']",It started with a shootout on a rainswept street and ended in a scandal that shattered New York.,"The accidental shooting of a boy in New York leads to an investigation by the Deputy Mayor, and unexpectedly far-reaching consequences.","['Al Pacino', 'John Cusack', 'Bridget Fonda', 'Danny Aiello', 'Martin Landau']",['Harold Becker'],"['Charles Mulvehill', 'Edward R. Pressman', 'Harold Becker', 'Ken Lipper']","['corruption', 'undercover', 'war on drugs', 'mayor', 'drug dealer', 'presidential election', 'undercover agent', 'investigation', 'police', 'drugs']",False,['Castle Rock Entertainment'],['English'],12.045,213,5
13685,1996,Bottle Rocket,91,,"['Comedy', 'Crime', 'Drama']","They’re not really criminals, but everyone’s got to have a dream.","Upon his release from a mental hospital following a nervous breakdown, the directionless Anthony joins his friend Dignan, who seems far less sane than the former. Dignan has hatched a hair-brained scheme for an as-yet-unspecified crime spree that somehow involves his former boss, the (supposedly) legendary Mr. Henry.","['Luke Wilson', 'Owen Wilson', 'Robert Musgrave', 'Lumi Cavazos', 'Andrew Wilson']",['Wes Anderson'],"['Polly Platt', 'Cynthia Hargrave']","['sibling relationship', 'robbery', 'burglar', 'language barrier', 'motel', 'heist', 'psychiatric hospital', 'maid', 'theft', 'nervous breakdown', 'escapade', 'laundry room', 'based on short film']",False,"['Columbia Pictures', 'Gracie Films', 'Boyle-Taylor Productions']","['Spanish', 'English']",12.027,874,6
47475,1996,Mr. Wrong,96,,"['Comedy', 'Romance']",He loved her from afar. It wasn't far enough.,"A single and lonely woman finds the seemingly perfect man to date, but soon regrets it when his deranged and possessive other personality emerges and worst still, she cannot convince anyone else of his Jekyll/Hyde true nature.","['Ellen DeGeneres', 'Bill Pullman', 'Joan Cusack', 'Dean Stockwell', 'Joan Plowright']",['Nick Castle'],['Marty Katz'],[],False,['Touchstone Pictures'],['English'],5.3,47,4
2045,1996,Unforgettable,106,,['Action'],He loved her. He lost her. He won't let her memory die... until it tells him who killed her.,"Ray Liotta stars as David Krane, a medical examiner who has been acquitted for his wife's murder. Obsessed with finding the real killer, a possible solution presents itself in an experimental serum designed by a neurobiology professor (Linda Fiorentino), which has the ability to transfer memories from one person to another, but with potentially fatal consequences.","['Ray Liotta', 'Linda Fiorentino', 'Peter Coyote', 'Christopher McDonald', 'David Paymer']",['John Dahl'],"['Dino De Laurentiis', 'Martha De Laurentiis']","['husband wife relationship', 'experiment', 'police', 'murder', 'memory', 'forensic', 'gunman']",False,"['Metro-Goldwyn-Mayer', 'Dino De Laurentiis Company', 'Spelling Films']","['English', 'Spanish']",6.28,85,5
9614,1996,Happy Gilmore,92,,['Comedy'],He doesn't play golf... he destroys it.,"Failed hockey player-turned-golf whiz Happy Gilmore -- whose unconventional approach and antics on the grass courts the ire of rival Shooter McGavin -- is determined to win a PGA tournament so he can save his granny's house with the prize money. Meanwhile, an attractive tour publicist tries to soften Happy's image.","['Adam Sandler', 'Christopher McDonald', 'Julie Bowen', 'Frances Bay', 'Carl Weathers']",['Dennis Dugan'],['Robert Simonds'],"['loss of loved one', 'golf', 'sports', 'taxes']",False,"['Universal Pictures', 'Brillstein-Grey Entertainment', 'Robert Simonds Productions']",['English'],20.332,2228,6
688,1995,The Bridges of Madison County,135,,"['Drama', 'Romance']",The path of Francesca Johnson's future seems destined due to an unexpected fork in the road...,Photographer Robert Kincaid wanders into the life of housewife Francesca Johnson for four days in the 1960s.,"['Clint Eastwood', 'Meryl Streep', 'Annie Corley', 'Victor Slezak', 'Jim Haynie']",['Clint Eastwood'],"['Clint Eastwood', 'Tom Rooker', 'Kathleen Kennedy', 'Michael Maurer']","['adultery', 'love at first sight', 'based on novel or book', 'photographer', 'husband wife relationship', 'iowa', ""love of one's life"", 'mother role', 'bridge', 'housewife', 'love letter', 'peasant', 'marriage crisis', 'photography', 'unsociability', 'secret love']",False,"['Amblin Entertainment', 'Malpaso Productions', 'Warner Bros. Pictures']",['English'],18.612,1788,7
11907,1994,Nobody Loves Me,104,,"['Drama', 'Comedy', 'Family']",,"On the brink of her 30th birthday, Fanny feels the door to marital happiness closing on her. She is obsessed with death and even visits evening classes on dying, so it seems fitting that she encounters a skeleton in the malfunctioning elevator of her apartment building. The skeleton is her neighbour Orfeo, a Black, gay, self-declared psychic, who convinces her that she is about to meet ""him"". But is it really Lothar, the new yuppie apartment manager ...?","['Maria Schrader', 'Pierre Sanoussi-Bliss', 'Michael von Au', 'Elisabeth Trissenaar', 'Joachim Król']",['Doris Dörrie'],"['Gerd Huber', 'Renate Seefeldt']","['prophecy', 'voodoo', 'single', 'falling in love', 'woman director', 'rich man']",False,"['ZDF', 'Cobra Film GmbH']",['German'],2.56,27,6
10874,1996,Muppet Treasure Island,100,,"['Action', 'Comedy', 'Music', 'Family', 'Adventure', 'Romance']",Set sail for Muppet mayhem!,"After telling the story of Flint's last journey to young Jim Hawkins, Billy Bones has a heart attack and dies just as Jim and his friends are attacked by pirates. The gang escapes into the town where they hire out a boat and crew to find the hidden treasure, which was revealed by Bones before he died. On their voyage across the seas, they soon find out that not everyone on board can be trusted.","['Tim Curry', 'Billy Connolly', 'Jennifer Saunders', 'Kevin Bishop', 'Dave Goelz']",['Brian Henson'],"['Frank Oz', 'Brian Henson']","['island', 'pirate gang', 'puppet', 'treasure hunt', 'puppetry']",False,"['Walt Disney Pictures', 'Jim Henson Productions', 'The Jim Henson Company']",['English'],10.51,316,6
89333,1995,Catwalk,95,,['Documentary'],"The moment when fashion, art and entertainment come together with stunning force and beauty.","A documentary following Christy Turlington and other models during spring fashion week in Milan, Paris and New York.","['Christy Turlington', 'Azzedine Alaïa', 'Giorgio Armani', 'Nadja Auermann', 'Sandra Bernhard']",['Robert Leacock'],[],[],False,[],['English'],3.8,7,7
197,1995,Braveheart,178,,"['Action', 'Drama', 'History', 'War']",Every man dies. Not every man truly lives.,"Enraged at the slaughter of Murron, his new bride and childhood love, Scottish warrior William Wallace slays a platoon of the local English lord's soldiers. This leads the village to revolt and, eventually, the entire country to rise up against English rule.","['Mel Gibson', 'Catherine McCormack', 'Sophie Marceau', 'Patrick McGoohan', 'Angus Macfadyen']",['Mel Gibson'],"['Mel Gibson', 'Bruce Davey', 'Alan Ladd Jr.', 'Elisabeth Robinson', 'Dean Lopata']","['individual', 'scotland', 'in love with enemy', 'revolution', 'kilt', 'legend', 'independence', 'freedom', 'epic', 'idealism', 'family clan', 'based on true story', 'sword fight', 'historical fiction', 'battle', 'united kingdom', 'medieval', 'revolt', 'tyranny', 'false history', 'highlands', '13th century', 'scottish highlands', 'warfield']",False,"['Icon Entertainment International', 'The Ladd Company', 'B.H. Finance C.V.']","['English', 'French', 'Latin', 'Gaelic']",43.811,8800,7
103,1976,Taxi Driver,114,,"['Crime', 'Drama']","On every street in every city, there's a nobody who dreams of being a somebody.",A mentally unstable Vietnam War veteran works as a night-time taxi driver in New York City where the perceived decadence and sleaze feed his urge for violent action.,"['Robert De Niro', 'Jodie Foster', 'Albert Brooks', 'Harvey Keitel', 'Leonard Harris']",['Martin Scorsese'],"['Julia Phillips', 'Michael Phillips']","['new york city', 'vietnam veteran', 'taxi', 'pornography', 'obsession', 'pimp', 'taxi driver', 'drug dealer', 'politician', 'firearm', 'vigilante', 'junk food', 'alienation', 'misanthrophy', 'illegal prostitution', 'character study', 'loner', 'neo-noir', 'child prostitution', 'new hollywood', 'drives']",False,"['Columbia Pictures', 'Italo/Judeo Productions', 'Bill/Phillips']","['English', 'Spanish']",47.968,10171,8
33542,1995,Rumble in the Bronx,104,,"['Crime', 'Action', 'Comedy', 'Thriller']",No Fear. No Stuntman. No Equal.,"Keong comes from Hong Kong to visit New York for his uncle's wedding. His uncle runs a market in the Bronx and Keong offers to help out while Uncle is on his honeymoon. During his stay in the Bronx, Keong befriends a neighbor kid and beats up some neighborhood thugs who cause problems at the market. One of those petty thugs in the local gang stumbles into a criminal situation way over his head.","['Jackie Chan', 'Anita Mui', 'Françoise Yip', 'Bill Tung', 'Marc Akerstream']",['Stanley Tong'],['Barbie Tung Wan-Si'],"['new york city', 'martial arts', 'diamond', 'supermarket', 'gang war', 'disabled child', 'vigilante', 'revenge', 'organized crime', 'gang', 'fish out of water', 'wedding', 'urban setting', 'street life', 'bronx, new york city', 'duringcreditsstinger', 'action hero']",False,['Orange Sky Golden Harvest'],"['Cantonese', 'English']",26.607,794,6
